val	probability
0	0.4237890046464617
1	0.22213643994756843
2	0.24540091946258977
3	0.10867363594338003
