num_apps	probability
0	0.5771133000048762
1	0.19521399432002157
2	0.16427356478751337
3	0.06339914088758893
