num_apps	probability
0	0.6666110791162387
1	0.33338892088376143
