val	probability
0	0.4404984781286688
1	0.157545337559348
2	0.1708892303691877
3	0.12485694665817858
4	0.06932163629531554
5	0.02756144738619061
6	0.008099009923643156
7	0.0012279136794675618
