val	probability
0	0.40077028967491585
1	0.2657880016124961
2	0.26659206733192764
3	0.06684964138066044
