val	probability
0	0.5
1	0.12500000000000003
2	0.25
3	0.12500000000000003
