val	probability
0	0.41666666666666674
1	0.20833333333333343
2	0.25000000000000017
3	0.12500000000000008
