val	probability
0	0.27861431390698005
1	0.19367217254954094
2	0.3002327295320593
3	0.2274807840114198
