val	probability
0	0.16486577196496102
1	0.047180881871368575
2	0.10888985265933435
3	0.15080968983713244
4	0.1723462128044957
5	0.1628666535951699
6	0.10749048574248579
7	0.0855504515250517
