val	probability
0	0.3784722222222223
1	0.10286458333333337
2	0.1511501736111112
3	0.14680989583333343
4	0.11425781250000003
5	0.06738281250000001
6	0.03125
7	0.007812500000000002
