num_apps	probability
0	0.14215381464781643
1	0.06600508600560699
2	0.12369343093343522
3	0.16526656496561584
4	0.15733326638124892
5	0.13892233520020228
6	0.1036598098364501
7	0.10296569202962409
