val	probability
0	0.4243696128469153
1	0.2244015391520425
2	0.24481637063114875
3	0.10641247736989361
