num_apps	probability
0	0.16486577196496097
1	0.047180881871368596
2	0.10888985265933444
3	0.15080968983713247
4	0.1723462128044957
5	0.16286665359517
6	0.10749048574248583
7	0.0855504515250517
