num_apps	probability
0	0.3784722222222222
1	0.10286458333333331
2	0.15115017361111122
3	0.14680989583333345
4	0.11425781250000003
5	0.06738281250000001
6	0.03125
7	0.007812500000000002
