num_apps	probability
0	0.16486577196496097
1	0.047180881871368575
2	0.10888985265933435
3	0.15080968983713255
4	0.1723462128044957
5	0.16286665359517002
6	0.10749048574248589
7	0.08555045152505178
