num_apps	probability
0	0.3125572704145472
1	0.07735489491608907
2	0.13610854147514473
3	0.15261066940220364
4	0.1404676330301102
5	0.10049392046673733
6	0.059517793091192275
7	0.020889277203975522
