num_apps	probability
0	0.16486577196496097
1	0.047180881871368555
2	0.1088898526593344
3	0.15080968983713253
4	0.17234621280449572
5	0.16286665359517002
6	0.10749048574248589
7	0.08555045152505174
